{
  "project_info": {
    "project_number": "17519369757",
    "firebase_url": "https://online-store-f3887-default-rtdb.firebaseio.com",
    "project_id": "online-store-f3887",
    "storage_bucket": "online-store-f3887.appspot.com"
  },
  "client": [
    {
      "client_info": {
        "mobilesdk_app_id": "1:17519369757:android:7f7563221920e3efd230f4",
        "android_client_info": {
          "package_name": "com.example.finalproject"
        }
      },
      "oauth_client": [
        {
          "client_id": "17519369757-ncf6nuvu5rb02prufhrcaurjn79fsfnh.apps.googleusercontent.com",
          "client_type": 3
        }
      ],
      "api_key": [
        {
          "current_key": "AIzaSyCESCjby97t-klDU023S0Tp98AIqQ6sM_w"
        }
      ],
      "services": {
        "appinvite_service": {
          "other_platform_oauth_client": [
            {
              "client_id": "17519369757-ncf6nuvu5rb02prufhrcaurjn79fsfnh.apps.googleusercontent.com",
              "client_type": 3
            }
          ]
        }
      }
    }
  ],
  "configuration_version": "1"
}